,Source,Locations
0,report-43287942390432.xlsx,New Delhi
1,report-43287942390432.xlsx,Chennai
2,report-43287942390432.xlsx,Bangalore
3,report-43287942390432.xlsx,Hyderabad
4,report-43287942390432.xlsx,Indore
5,report-43287942390432.xlsx,Others
0,report-483924.xlsx,New Delhi
1,report-483924.xlsx,Chennai
2,report-483924.xlsx,Bangalore
3,report-483924.xlsx,Hyderabad
4,report-483924.xlsx,Indore
5,report-483924.xlsx,Others
0,report-905423.xlsx,New Delhi
1,report-905423.xlsx,Chennai
2,report-905423.xlsx,Bangalore
3,report-905423.xlsx,Hyderabad
4,report-905423.xlsx,Indore
5,report-905423.xlsx,Others
0,report-int-ch.xlsx,New Delhi
1,report-int-ch.xlsx,Chennai
2,report-int-ch.xlsx,Bangalore
3,report-int-ch.xlsx,Hyderabad
4,report-int-ch.xlsx,Indore
5,report-int-ch.xlsx,Others
0,report-pv-342432.xlsx,New Delhi
1,report-pv-342432.xlsx,Chennai
2,report-pv-342432.xlsx,Bangalore
3,report-pv-342432.xlsx,Hyderabad
4,report-pv-342432.xlsx,Indore
5,report-pv-342432.xlsx,Others
0,report-qerw123.xlsx,New Delhi
1,report-qerw123.xlsx,Chennai
2,report-qerw123.xlsx,Bangalore
3,report-qerw123.xlsx,Hyderabad
4,report-qerw123.xlsx,Indore
5,report-qerw123.xlsx,Others
